Provider	Web URL	Git URL	Git Update Date	GitHub Issues #	GitHub Pull Requests #	Contact Person	Contact Email	Provenance	License	Implementation Technology																																							
GOV.UK								Original																																									
NHS UK								Derived																																									
ONS UK								Original																																									
18F								Original																																									
shadcn								Original		JS, TS, Svelte, React, Vue, etc.																																							
Flowbite								Original		JS, TS, Svelte, React, Vue, etc.																																							
Ark								Original		JS, TS, Svelte, React, Vue, etc.																																							
SkeletonUI								Original		JS, TS, Svelte, React, Vue, etc.																																							
IBM Carbon								Original																																									
